block_number,tx_hash,evt_type,token_id,amount_original,borrower
16369452,0x4f033499d1f9a4b6bd7c20dbd6b172fb14914d3bf960817dbcd42d23ad58163b,Borrow,5662,49.972,0x674dedbe1de318d23aaa52126b7a81402f450931
16369583,0x7d41cbb3ce04659f739ec23e23f7e46fd70a11d34f0ae2783cfc1ebf72d19a5c,Repay,4142,40.09573720044553,0x0dae56c6e7c0ce012dd08a45321925dc618b531f
16370527,0x7e7a6ab1740fd857769658eec6958d6e30a6e6e72db2349efc9142f9fe9e067e,Repay,7576,47.992158036937866,0x41d28fab44e98b47021196c8b5d90d258eeea33b