tx_hash,taker,taker_token,maker_token,taker_token_amount
0xf0073963077706d01b26907827bb9fccec94bba329c631cff6c4db982612cd8a,0xde1e598b81620773454588b85d6b5d4eec32573e,0xa219439258ca9da29e9cc4ce5596924745e12b93,0x3aab2285ddcddad8edf438c1bab47e1a9d05a9b4,2285.898398
0x0027e74f02780c84c30e0913cf4a56001d47c4d0830f9c0c036ed2641b1c861a,0xc0263992b8ef45e48d653683164ce40f32c0173a,0x176211869ca2b568f2a7d4ee941e073a821ee1ff,0x4af15ec2a0bd43db75dd04e62faa3b8ef36b00d5,153.039629
0x0032a240fba185828915257a67952aca9e3ed2c7df4508fa3b9b8a6df627b736,0xdbfd6dc67d3ce76b2c334d305527a5e6ec734da0,0xb5bedd42000b71fdde22d3ee8a79bd49a568fc8f,0x2416092f143378750bb29b79ed961ab195cceea5,0.2797467631837312